"","baseMean","log2FoldChange","lfcSE","pvalue","padj"
"HSPA1A",13.1468734054221,2.35340577857907,1.06115118505842,1.36296924011699e-07,3.70548685276267e-07
"LOC124901798",11.0580149404263,1.12208144444116,0.615398418742421,0.000101646427233009,0.000206117214489764
"VIL1",53.5431925427239,5.2295245937563,0.858808466216295,4.26144931871817e-11,1.57454371242513e-10
"PCSK9",11.9459967702687,1.47764449072599,0.551322530918677,1.47334439537358e-06,3.63782419201514e-06
"CXCR5",45.371626017799,1.21277347948206,0.352293870206938,8.05669026717618e-06,1.83087469545179e-05
"EIF4EBP3",47.8187609174755,1.83183383246871,0.413176144974937,4.23652682768105e-11,1.56576372024424e-10
"IL21R",19.7782322145707,1.28515703320224,0.355398570206094,2.3802219860649e-06,5.72823120033194e-06
"LOC105379554",30.3165054029703,1.09421950548507,0.308505937943759,1.74226353918685e-05,3.82600846495797e-05
"MEF2B",26.9231828547557,1.44635565990665,0.390868105111986,2.43601274785092e-07,6.47668533058985e-07
"SAA2-SAA4",45.9997987904223,1.54997401357339,0.266762016555147,1.46085605929645e-11,5.64159543951985e-11
"CERKL",45.8264724856019,1.23835711201565,0.313115799522739,1.43230444609246e-06,3.54037757720511e-06
"EBLN2",6.55939134649394,-1.06763343161448,0.539576285005634,0.000166937568525322,0.000331006625445789
"ARC",32.8240558361813,1.52693959520932,0.294630683017776,4.36128482589013e-10,1.48541136312671e-09
"LOC124902215",15.2767600159414,-1.18335354992493,0.389396169771627,2.47919211109751e-05,5.3554516307084e-05
"CAPS",40.5822409575736,1.20573636488484,0.286814368783992,7.69054342019738e-07,1.95132544100892e-06
"ZNF837",37.4009514981631,1.06041319658498,0.273181789301122,6.99725948837913e-06,1.60172940577495e-05
"FRRS1L",16.2166795797993,-1.02494703552635,0.353826758834639,0.000161251542074938,0.000320249642476278
"LOC124903219",7.89331741183773,-2.43479485635197,1.58359495563368,2.7747184895738e-06,6.6280032426992e-06
"CRYAB",49.271627313077,1.27175308052023,0.250081614334415,9.95579475554366e-09,2.98961710397231e-08
"HSPA6",93.8260051740948,3.27892069198833,0.238532774851377,9.03547171327141e-44,6.25578992825012e-42
"PURG",23.0809298429673,-1.02948356317277,0.328749709996979,9.16891351823989e-05,0.000187077983088646
"CKMT1B",54.7751694725094,1.1240487122367,0.23578895969529,1.15851021507865e-07,3.18101411709922e-07
"LOC128966566",12.5621119762615,-1.07160506485214,0.405877876189251,0.000143316682926738,0.00028597506967924
"TBX20",10.6407652866708,-2.3139386815527,1.03400101375636,1.24390260237289e-07,3.39889274127432e-07
"EDA2R",19.2711486417461,-1.1369980007041,0.344185675215061,2.38610516660471e-05,5.17041171916197e-05
"LOC128966717",8.75936046953869,-1.14341979636864,0.493237829239232,7.33733779574171e-05,0.000150801335942014
"TLCD4-RWDD3",11.3122341987204,-1.08799358371185,0.407899437076006,0.000116089968714847,0.000233685801046541
"EIF3CL",890.146203793492,4.20684351804777,0.446347904798525,8.44900754885317e-22,7.91054444639852e-21
"MASP2",14.5654653394852,-1.16284629564193,0.366973176613725,2.47513140168094e-05,5.34753545432778e-05
"GP1BA",13.1329473818423,-1.44621663274843,0.496882731769605,1.3281517656533e-06,3.29560319575173e-06
"GPR75",14.6061465143877,-1.44098262761002,0.429351018815119,5.80548612498985e-07,1.48784867451572e-06
"PDZK1IP1",75.0497996428839,1.02921950432523,0.205155742594082,5.51968994634909e-08,1.56196466077676e-07
"ZNF688",85.0256670010019,1.00618331569694,0.189214599347282,1.2690897224013e-08,3.77483594230886e-08
"LOC124901373",16.4245852729157,-1.05837756028517,0.35672127593638,0.000103641240198387,0.000209973046806486
"CRACR2B",64.8283043400282,1.04621418862389,0.225058445546248,3.04234336709509e-07,8.02553298146754e-07
"CACNB4",26.2732826466692,-1.12720911806397,0.296341568392415,5.91282229312511e-06,1.36459852614499e-05
"LOC105377015",19.4493369996248,-1.16881538321902,0.349770876685022,1.6028351506208e-05,3.53760242988936e-05
"VGLL3",22.4652728418327,-1.33018070658574,0.326749886746354,3.87340849264777e-07,1.01268179820367e-06
"PRSS35",22.5404942784194,-1.56350679224427,0.366370390888568,8.1113410912084e-09,2.45926827020895e-08
"LOC127814297",20.3444931386831,-2.352078015161,0.642850227903471,4.740404466109e-11,1.74434997811223e-10
"PCDHGB7",27.6883673912109,-1.07101497154155,0.285261876261369,1.03365472898755e-05,2.3247330494854e-05
"GPRIN3",22.6943150069772,-1.25457842898941,0.319105957213545,1.32875896922164e-06,3.29650401386648e-06
"CAMK2N2",91.8963612327196,1.09839784807514,0.196093038659924,1.74664280513931e-09,5.65230693005411e-09
"IKZF2",26.3795584546604,-1.17731853327248,0.29214907949211,1.83179121826092e-06,4.46408181186656e-06
"ACER2",20.5109622677551,-1.46053103201844,0.385785848314822,1.60359789457846e-07,4.33610558275661e-07
"MMP19",84.8387700668542,1.00900808823438,0.19899708523053,4.60178770405355e-08,1.31183986048199e-07
"DDIT4L",35.4500221411672,-1.10973706338768,0.267460938368818,1.85030486713888e-06,4.5075723585785e-06
"PRR22",107.232504958391,1.13842614200259,0.185305363197546,5.84437840636158e-11,2.12853932733444e-10
"LOC122526780",17.5345726872624,-2.03342977479954,0.630524778399541,1.48944191647228e-09,4.85020629867157e-09
"CARD14",31.0067486039021,-1.33669360067833,0.293320574795137,6.18744201962136e-08,1.74034697306058e-07
"CCDC39",22.9652379608347,-2.67324364583035,0.566477099508195,2.56273196422217e-13,1.15678516379015e-12
"SNCG",107.937905010649,1.1034391810219,0.198647828975502,2.21608317630995e-09,7.11870245898597e-09
"MAP10",39.8308738210234,-1.12367345438747,0.25535650647396,6.03290859881942e-07,1.54466715328392e-06
"MPV17L",24.5586021472702,-2.17142604379844,0.509302417224286,1.71378332223771e-12,7.22153203293735e-12
"HSD11B1",35.0031018931555,-1.10693601982122,0.282275699643187,4.48948919722997e-06,1.04993233417291e-05
"SCN3A",27.6633642382454,-1.41968856010375,0.305449615570313,1.73863423372084e-08,5.11623818427747e-08
"ZNF625",29.1177282958526,-1.28279935450185,0.282904263587535,1.10853904522615e-07,3.04690261596056e-07
"POMK",20.4652397374982,-2.4922951892205,0.644511442161879,1.68181963741246e-11,6.47270436850219e-11
"GOLGA6L4",26.0299738321164,-1.11127395408558,0.2993314091685,9.0331596972642e-06,2.04214147811058e-05
"CDK3",109.348133869743,1.00370309808806,0.168363330723732,3.22183250961443e-10,1.10569295150748e-09
"AMH",129.884812245774,1.12036794866678,0.164268381213661,7.58135728644289e-13,3.29012872787739e-12
"RPL36A-HNRNPH2",174.925408205144,1.01486714885687,0.310126325970154,6.99534025612139e-05,0.000144145434673222
"MDP1",112.766629615802,1.07020179200473,0.171668916471556,4.51893052646298e-11,1.66376005011663e-10
"ASDURF",27.5640599140153,-1.85774216401114,0.438540948444648,6.84651360001597e-11,2.47482677680898e-10
"ZNF414",137.888452485759,1.07379256427548,0.17142181400287,3.68199221381792e-11,1.36943737958005e-10
"MALRD1",41.3061578664799,-1.21437253490479,0.251619106798148,5.08788839906501e-08,1.44340368303796e-07
"PAQR5",47.7252400948766,-1.27295386951763,0.251251743150211,1.08263543517511e-08,3.23735570549261e-08
"EFCAB13",57.2483367789364,-1.03487283120857,0.224857647728666,3.98808914121495e-07,1.04165586178261e-06
"HES6",145.712995235983,1.24080078505531,0.152765573440685,2.40157156971829e-17,1.54988612632728e-16
"HMCN1",33.5851879628018,-1.53945947891276,0.282110523896939,1.01364063244808e-10,3.62087522296704e-10
"ZSCAN23",25.6091132865147,-3.34300910767151,0.459642346786929,5.12955403957882e-16,2.9344961478116e-15
"E2F2",117.802865937378,1.00210952860815,0.165993886473415,2.04772741651447e-10,7.14930640040389e-10
"LOC128125822",20.4623412262777,-4.93546442728817,1.86589370753607,2.29685299433354e-07,6.13084465727503e-07
"EML5",55.7273891786184,-1.08501922455458,0.221673249233061,7.73236541054388e-08,2.15691457454035e-07
"CRACD",43.5898227998266,-1.13839196205127,0.234598889628155,7.12747237629705e-08,1.99518981033354e-07
"ZFP69B",47.5511011448187,-1.15175313190307,0.229600437081741,2.97219511177389e-08,8.57061217515148e-08
"ARMCX5-GPRASP2",36.7004700071536,-1.08767642026803,0.290265910715385,9.48693228976676e-06,2.14042568255583e-05
"ARHGAP11B",40.5753470636436,-1.37189930961842,0.256415201013591,1.20620333120409e-09,3.95169890186519e-09
"KCNT2",53.2081788691982,-1.10372234356747,0.244202484914419,4.03021605377918e-07,1.05184509843558e-06
"FILIP1L",59.5832133321191,-1.05357457298596,0.210476698017971,5.20637317248012e-08,1.47608660650261e-07
"CBR3",159.564424866773,1.19903394064101,0.15792832466557,1.94006946111915e-15,1.05616442720039e-14
"FBN2",52.1531656739266,-1.20458033467715,0.217949418794768,1.52824277923627e-09,4.97056269873978e-09
"TCP11L2",47.893771516162,-1.22446336792867,0.225948683818016,2.44079982847681e-09,7.80697429146302e-09
"TTN",45.5128909487985,-1.00418868062214,0.232857210060178,1.69080933383878e-06,4.13918709268493e-06
"TRAPPC6A",159.217326098815,1.00321088630331,0.156843192192465,2.11356283174602e-11,8.05624274178514e-11
"SAMD5",46.378123013113,-1.13186939990645,0.227791769186022,4.19536452267397e-08,1.19977457947334e-07
"SHE",50.3271847551452,-1.22055213000495,0.226543980616324,2.95617437125473e-09,9.36885215641082e-09
"LONRF3",55.6965468942718,-1.20427119003856,0.212863516647643,7.40155879513506e-10,2.47592778228738e-09
"SDSL",169.072113079666,1.1561525279682,0.148234462646981,4.71061329220818e-16,2.71206780631568e-15
"RNFT2",171.95263403037,1.03976484545179,0.143567889403644,5.27720153587563e-14,2.53009580738128e-13
"IL1RAPL1",38.8473852479523,-2.03813374080015,0.354949646546251,6.22867925994481e-16,3.5348212983823e-15
"TUBA8",186.26923320033,1.03202686798403,0.143602498014123,8.16933693944327e-14,3.84702539307372e-13
"USP44",62.2113512981535,-1.13198208979575,0.217904182782888,1.33627137723986e-08,3.96767096197831e-08
"CEMP1",208.875753920898,1.18833099724516,0.15527010842973,1.27496287716437e-15,7.05462041171975e-15
"RAB4B",178.116971891909,1.10259440653663,0.136803036704763,7.34835019457893e-17,4.53014045557124e-16
"ABHD12B",68.9641498764245,-1.08573361466197,0.191827282666362,1.32940042969904e-09,4.33846632858757e-09
"LOC124905230",287.833908129109,1.86043261389823,0.140082296700535,1.43165363539236e-44,1.06788705698521e-42
"SGF29",225.316047999418,1.03901910051524,0.14653358074524,1.59102463329168e-13,7.31622056337567e-13
"ZNF724",55.7569875953294,-1.66371122624694,0.226108144793475,1.71665756247248e-16,1.02505943170902e-15
"MTLN",221.450002095801,1.12241879252415,0.13833896473034,4.36399099320391e-17,2.7480523507111e-16
"CHURC1-FNTB",228.627601287424,1.05608660760534,0.156332630829435,1.55756356144456e-12,6.58999236698935e-12
"SMIM29",198.147457195141,1.03474090101633,0.132965146227672,8.88751795759738e-16,4.98092071172778e-15
"GUCY1A2",69.913862427502,-1.30479168362349,0.202461484052208,3.5934430555619e-12,1.46526954675751e-11
"MEIS3",65.0773293998742,-1.30653801548411,0.210031496098461,1.45485115307262e-11,5.62323086677168e-11
"ANTKMT",182.152925494854,1.09279743045735,0.157172863098949,3.39636547705763e-13,1.51835530813758e-12
"LOC122539214",49.0810284952259,-2.80493638688045,0.32584993989946,5.13576271172693e-24,5.92631900607053e-23
"MVK",245.259516465758,1.43685738286503,0.142219849302654,1.09407101597122e-25,1.48154992844808e-24
"CAVIN3",266.875930412361,1.31841041195542,0.128489556205147,4.24116380486844e-26,5.9942858212813e-25
"WDR17",66.4483110931848,-1.35496181273968,0.213832311510504,5.12957914801628e-12,2.05991814626317e-11
"SLC2A9",73.8346926313369,-1.36009727986523,0.193958157367289,5.65147887288022e-14,2.70282027144017e-13
"ESR1",66.2076715321585,-1.53359573116406,0.202995794436292,2.68607249067213e-16,1.57878383528796e-15
"SIGIRR",248.797515759892,1.01736153300491,0.128231870335005,2.84335287031277e-16,1.6683227771444e-15
"PSG1",109.799015140508,-1.57774959739997,0.185789386813483,1.00312354126371e-19,7.75224437927957e-19
"CDRT4",310.225569351698,1.11414372199418,0.214981031622721,1.56256576880794e-08,4.61119135402755e-08
"POLR2I",263.901658658768,1.07646753375144,0.138516799442331,8.19938073621921e-16,4.6086527610198e-15
"MAN1A1",91.8456978092781,-1.00037875316086,0.181043179536572,4.14613015721712e-09,1.29486243933815e-08
"REEP6",249.833493760848,1.02575343478467,0.130956499905041,6.16241814561058e-16,3.50163330740271e-15
"CCDC144A",51.2183800283097,-2.92438145695178,0.302995277511458,2.09134904153885e-26,3.03605413008775e-25
"GLI4",249.21758231556,1.0584851036111,0.141049588777489,6.93234320100234e-15,3.59975252141279e-14
"ROR1",83.9103605404492,-1.02053476111755,0.183460263340821,3.08897342354663e-09,9.76679863964944e-09
"B3GNTL1",255.520780586282,1.08132418143075,0.12812977925951,3.38562834025082e-18,2.33687976593693e-17
"RAB39A",73.7572649167678,-1.49219816397667,0.192505794034653,9.1797408421144e-17,5.62321602129703e-16
"MFAP3L",96.5787288293432,-1.01053259101184,0.163601370673952,8.32155807577008e-11,2.99040073412222e-10
"MICU3",83.6709837844361,-1.20845505972803,0.177039119973134,4.83767222314589e-13,2.13721900146246e-12
"LCA5",95.6083215356941,-1.16891025253082,0.170689152756642,5.0198861971178e-13,2.21481972376756e-12
"MMAB",314.986569850203,1.35949518297668,0.111215874092017,8.05750086282688e-36,2.69936275804034e-34
"LOC124901232",87.7625775439896,-1.22327188171699,0.181883839204212,8.89505367488525e-13,3.83803514428334e-12
"TEX15",92.1713735305762,-1.23186650262079,0.169361530617728,1.80024810028311e-14,8.95877242975387e-14
"LOC124904439",97.6178978795966,-1.09657979462613,0.165687698676524,3.31653753860616e-12,1.35933738034978e-11
"DHRS4",344.034872952539,1.11380778217468,0.111060386799836,1.10579052165315e-24,1.36340436829582e-23
"ZNF484",103.425852952302,-1.03784378143609,0.171746221006672,1.70342852500867e-10,5.99530461838948e-10
"ZNF417",93.3407893806312,-1.46009634116623,0.173605999742032,6.02698337218053e-19,4.38890520538346e-18
"CPT1A",134.388981484469,-1.1259746947594,0.153655256714772,1.96709540742294e-14,9.75312342843084e-14
"SLC7A11",106.771273728873,-1.43802393950914,0.16619390983457,8.98449961064092e-20,6.97525757580581e-19
"SLC16A7",112.013697834928,-1.08990563843165,0.165291616218204,4.02134975379591e-12,1.63137749477159e-11
"H2AJ",365.958571007653,1.04800963886201,0.112868062594888,1.98621462400352e-21,1.78891818803679e-20
"HINT2",360.025744807302,1.08628375205408,0.108799308684622,1.92778491735897e-24,2.32591815632382e-23
"TMED7-TICAM2",117.829499723182,-1.18677758569302,0.195738499439513,7.54187699980141e-11,2.71817622462143e-10
"C19orf33",335.855416159815,1.15080264105968,0.145099317411603,1.695514744748e-16,1.01333087954151e-15
"FAT4",94.9307705320307,-1.40214225002716,0.186434251541544,1.07344222454272e-15,5.97138173611508e-15
"ANKRD36",134.13674352469,-1.13318757394034,0.181850042984931,3.46187747703389e-11,1.29184101209051e-10
"MSRB2",375.634498920405,1.12074305115635,0.117093878852156,9.87596463974179e-23,1.00403161597254e-21
"RORA",124.29928339689,-1.03508562469795,0.147341310934681,2.58246534996616e-13,1.16452453874059e-12
"ZNF471",122.423453034489,-1.11236628842103,0.152481681663145,2.65777875319952e-14,1.30117666494813e-13
"KLF12",135.810327851864,-1.00817204363703,0.143582364306118,2.94372716990042e-13,1.32169140408465e-12
"LOC122513141",545.53213557883,1.63172860187653,0.208873729717816,1.09229945224846e-17,7.22190739706488e-17
"SP4",115.289423791747,-1.14583114168016,0.154658554740304,9.88620540979124e-15,5.02915068717376e-14
"TMEM140",151.580043941464,-1.0287619191416,0.141526026336869,4.52793222012287e-14,2.18249242784287e-13
"EREG",128.641511453787,-1.18499769190941,0.145573286797487,2.68079390430346e-17,1.72349516676195e-16
"MATCAP2",149.158802519984,-1.04000010965085,0.158114836471489,5.53095685912551e-12,2.2138585400253e-11
"ZNF611",120.149448662094,-1.29720570064133,0.155894406498465,3.5028172927947e-18,2.41529807303479e-17
"LOC124903450",93.2482717537836,-2.52087512200683,0.223295309646479,1.68128645529082e-39,7.79983470207665e-38
"METTL26",451.894539384279,1.18048448467469,0.118663705550905,1.90328343820093e-24,2.29841052765213e-23
"ASPSCR1",422.963294005678,1.12558903398856,0.111878414660513,7.6385280929807e-25,9.60221301520786e-24
"TBC1D8B",139.282084977806,-1.00705783009908,0.146307805108832,7.84208331750611e-13,3.39999893608381e-12
"C4orf48",435.016030680049,1.00530881538511,0.134906737598647,1.26877856610632e-14,6.39409459537193e-14
"PLAG1",149.844448054246,-1.0374957113995,0.15558922025728,3.0407693090914e-12,1.25162885494033e-11
"THRB",136.078731901436,-1.13311565784561,0.145147096178627,4.91541741095125e-16,2.82035913579485e-15
"ENDOG",421.675082760189,1.03367367317988,0.10569614988881,1.80389156880885e-23,1.97521006248891e-22
"PPARA",144.133942453396,-1.00683822980046,0.14095329403917,1.23703119866454e-13,5.73725806017518e-13
"TTLL7",139.169347033189,-1.19667399672378,0.145594922989903,1.32650026463641e-17,8.7404002307741e-17
"PCDHGC4",762.978648684913,1.83197805009198,0.0948673110058916,9.0026828028382e-87,1.10495655019199e-83
"KIF27",148.273576385678,-1.0914157835336,0.144788709584112,4.69659694519467e-15,2.48564309514203e-14
"SLC16A6",173.272643954085,-1.16356786353683,0.136870601859757,1.42269649444602e-18,1.01307095841328e-17
"LMBRD2",151.456573299449,-1.09956330121883,0.139520461404204,3.13688183807126e-16,1.83258510150585e-15
"ABCC2",137.068810473552,-1.4181356364119,0.148604952894541,3.07056023459429e-23,3.29012966089346e-22
"RNF169",142.129436624259,-1.4476131550756,0.159261129062296,1.73979944277556e-21,1.57856399710435e-20
"ANAPC15",447.470987709141,1.05415099705715,0.117904986780506,4.61852382114485e-20,3.69181113731655e-19
"DENND1B",155.79191252116,-1.08377363725221,0.140563628330834,1.2850385695011e-15,7.1016396753313e-15
"ZNF66",172.981956107007,-1.02435925958053,0.136198262264695,6.97908831301077e-15,3.61984907083974e-14
"NBEA",154.136008680464,-1.11377414526503,0.141957676592157,3.91277340850229e-16,2.27112441049825e-15
"DCXR",468.117525532024,1.17568065350497,0.122907872473464,8.34626470571851e-23,8.52367018093083e-22
"TST",477.732326368807,1.11076532426565,0.0961842836075954,7.5850953239229e-32,1.78719671846916e-30
"FAM169A",138.761679757796,-1.57613103972201,0.154230625183847,1.09150182259031e-26,1.62294780911803e-25
"TAF4B",171.639980132161,-1.04990266610042,0.139726748882107,6.66716863294658e-15,3.47140160869309e-14
"RAB27B",173.6042113975,-1.01041756617468,0.15228662469576,4.24017554289401e-12,1.71345734823741e-11
"SOGA3",165.663342206791,-1.21006106258003,0.140039867923815,3.47380397436358e-19,2.57408493182671e-18
"PSMB10",533.164518676925,1.19109267826524,0.109671170418897,1.28658957637039e-28,2.28555866718113e-27
"SAA1",561.348213985358,1.09556912228694,0.0940248283118917,2.39717561079541e-32,5.94931395613031e-31
"RELN",164.892044984098,-1.53181141454549,0.138360513567305,1.89772959412595e-30,3.89380657299307e-29
"CD302",171.917039711722,-1.23193725164641,0.127667497684973,2.90260606881851e-23,3.11511005843551e-22
"PLCXD2",184.612229631975,-1.19240994639296,0.125725750180171,1.69709171900706e-22,1.69095463456194e-21
"PAXX",606.818185950157,1.04884624882083,0.0899317708136184,2.5105604677491e-32,6.19654056217196e-31
"NOC4L",527.413284593465,1.02532984392474,0.10394671808398,8.06755065786381e-24,9.10702353108857e-23
"SERPINB2",195.423482524307,-1.33052447040099,0.129756156736325,4.28071596183727e-26,6.03907483811546e-25
"DNPH1",595.829294353205,1.0000182264269,0.106469716992628,8.62554026628729e-22,8.0646412143452e-21
"PLA2R1",218.792538542999,-1.0388615496235,0.118886907738702,2.98199932104848e-19,2.22800071020894e-18
"PLEKHH2",195.72249827076,-1.12652898352259,0.124210573996297,1.07854978935359e-20,9.22197638129373e-20
"CCDC12",652.860356846854,1.09740712213919,0.0953619965127296,1.27642526170903e-31,2.96609594807808e-30
"ZC2HC1A",198.879101459448,-1.09389769316778,0.120487607435386,1.12680484193043e-20,9.60416172405477e-20
"BBLN",631.210835203042,1.19442872703513,0.100390218877424,8.84257387416336e-34,2.50280062631194e-32
"DIXDC1",218.901003756751,-1.05668928987754,0.115077901938914,5.01379496329745e-21,4.38698935835897e-20
"NOTCH3",241.756925157334,-1.06587708158311,0.118701618434424,3.10943639133641e-20,2.52742328232588e-19
"LOC128966723",155.20759038768,-1.56274650146266,0.143814686465332,1.36690207482339e-29,2.6251130742803e-28
"LOC102723728",1541.58487613237,2.43630181770053,0.0849283037866877,9.00144660564177e-194,1.2152853062277e-189
"ZNF614",217.160024146841,-1.01176967937075,0.120504260276616,6.38016317892586e-18,4.31556027448287e-17
"ATAD2B",195.3580707354,-1.49898448449383,0.129220621838736,6.01904096004978e-33,1.56576246631276e-31
"ATP7A",208.887610509706,-1.29373859514245,0.12406839671766,8.43528553485215e-27,1.27119028767649e-25
"RNPEPL1",638.592348603928,1.05624850274057,0.0801411806589774,1.43530287405935e-40,7.54008719948453e-39
"INSIG1",716.524096269374,1.81373817443139,0.0776898205519964,5.84157055632072e-124,2.62890146936287e-120
"KIAA2026",222.601461691126,-1.02089644662992,0.11637229578389,2.35202278788684e-19,1.77004791857638e-18
"NHS",229.238060250372,-1.08661083509146,0.129029653606951,3.86087317219856e-18,2.65000755962648e-17
"MTFP1",629.097246926968,1.04564941863248,0.0881127229259041,2.25624942406491e-33,6.1290992906037e-32
"KDM7A",212.611735408382,-1.29340902196396,0.12502554208257,1.99935401714984e-26,2.91189628754477e-25
"KCNJ2",252.004735510236,-1.27321777861149,0.113585202326901,1.87841864097544e-30,3.86005023924039e-29
"GRHL2",180.929162366839,-1.66658132710728,0.144745718717732,2.98437903235058e-33,8.04233559196909e-32
"HIVEP1",236.043500088512,-1.15523053121964,0.115861137935797,1.68226790630013e-24,2.04431134140036e-23
"BMI1",185.620900519418,-1.62933100566631,0.340198057550127,3.95825629217438e-10,1.35121158535136e-09
"FSD1L",241.785113614985,-1.12345940115174,0.115606667230404,2.34841827467075e-23,2.53647961010639e-22
"TM4SF19",318.458967065755,-1.11753523569641,0.107288079690096,2.01701906164455e-26,2.93445844302404e-25
"ITGA1",256.728709026784,-1.17852322908293,0.124916814959248,2.89231647479405e-22,2.81943427625953e-21
"DGCR6L",772.637376798039,1.06231746405225,0.0820059664163936,2.72232386180358e-39,1.22513648194034e-37
"HYCC2",264.00639557084,-1.09205081011972,0.108401656583076,7.60539286376599e-25,9.56946962289884e-24
"TIMM17B",759.238705995887,1.06728908062478,0.0969357854198124,4.01700644501343e-29,7.3686961975715e-28
"PRTG",244.939846431715,-1.40338102755487,0.11172330016267,9.60157519354722e-38,3.72502490482991e-36
"CCDC85B",801.233683206464,1.1617322199883,0.0966095084179477,2.1839841116106e-34,6.55243766463438e-33
"SAMD9L",268.871654566399,-1.00210481663732,0.119734565757438,8.29552914071045e-18,5.56649795868448e-17
"TRPS1",260.481419682727,-1.09016099492496,0.110089063503082,4.3099308810368e-24,5.01623938145499e-23
"MOB1B",290.830793695683,-1.0042685240784,0.106279950314684,4.95118647679652e-22,4.74421352897302e-21
"HSPBP1",780.020488126391,1.03255589314723,0.0847971215506988,5.59140660502897e-35,1.75557164126735e-33
"SLC2A13",235.187313877422,-1.20915616536776,0.12446652702357,1.70010340808352e-23,1.86762376831047e-22
"ZBTB21",271.557882366708,-1.04045464164404,0.110552947555123,6.21806578909548e-22,5.91197931116747e-21
"RALGAPA1",275.925390200122,-1.05638831480521,0.106688908746936,4.94569446187581e-24,5.71676549056381e-23
"COL6A6",199.116181754143,-1.86890700051178,0.134115036980678,1.57192225989177e-48,1.81389080605118e-46
"FANCM",288.415816058725,-1.01991716708209,0.106640709073438,1.5552072559298e-22,1.55302168360268e-21
"CEP85L",283.126119714429,-1.03102053856574,0.116215505923648,9.37799659916307e-20,7.26821653761772e-19
"CCNJ",286.073335476271,-1.06077420424069,0.109909583636547,5.73478022219822e-23,5.96496670107074e-22
"NID2",282.541363062505,-1.39307154587199,0.10968217516531,1.7259812419911e-38,7.21438784771574e-37
"CPEB4",264.572719092884,-1.2485700996209,0.116128873567766,3.29117649960941e-28,5.64601955797035e-27
"BVES",292.848315638715,-1.08196326823508,0.104217283903661,3.31564116249372e-26,4.73698109363256e-25
"ERCC6",322.316481470798,-1.08405661063962,0.100613870080287,5.01406206051797e-28,8.46946911106344e-27
"RPS6KA5",279.2249293844,-1.05913623879552,0.1103277814597,9.50701523159852e-23,9.67251037240479e-22
"IL7R",310.583901953918,-1.25717019414552,0.117118978653334,3.82534076136359e-28,6.51272706420806e-27
"TOGARAM1",299.125588978259,-1.09259377900518,0.12129836173208,2.1735156472496e-20,1.79039870369231e-19
"SYNGAP1",269.328804002589,-1.37216154161318,0.121468681025516,4.32418283791016e-31,9.5393451788603e-30
"LIG4",313.616544632327,-1.05273836272984,0.114736035867635,5.43412675059751e-21,4.74247868518532e-20
"CRYBG3",247.240858193964,-1.70527738004418,0.138322554905135,1.04049916725464e-37,4.02515164960026e-36
"TRPC1",311.388852450225,-1.00289209963014,0.112165999872185,5.56762413211428e-20,4.42427859962772e-19
"MAP9",281.848115114005,-1.35225691922685,0.112811723222315,1.49326748969848e-34,4.510202321794e-33
"ERCC4",308.011604816119,-1.19851794943316,0.11298225094321,1.91001611224583e-27,3.05897123741767e-26
"ZBED6",199.044100292041,-4.43503694713625,0.195555420282957,1.29456927496421e-114,3.49559595625836e-111
"AP1AR",321.375782074189,-1.02659741219095,0.113666807028652,2.24430115817728e-20,1.84645398760216e-19
"SCAI",317.024674471046,-1.12033572906678,0.1015564434846,2.59197133934684e-29,4.84684280505841e-28
"NAA38",916.939744619002,1.01889647732795,0.0962447844348653,4.8135345044378e-27,7.40176871804268e-26
"BCL7C",1004.07864672986,1.11054589363318,0.0960363837357608,6.33937712943085e-32,1.50948731260046e-30
"EEIG2",359.069722372927,-1.10919925750604,0.10544385899313,7.02306094539235e-27,1.06897796870059e-25
"HAVCR1",252.776567171011,-1.88071356116852,0.138632013688647,1.61623399197995e-46,1.42619445266152e-44
"FKBP14",359.901614271281,-1.02514016686316,0.100464706206633,2.58927895850395e-25,3.37105643382467e-24
"TSTD2",315.245340976972,-1.12666421013771,0.10980880458227,9.8771776538883e-26,1.34156715799946e-24
"ZBTB43",329.206789601445,-1.07418049837344,0.104353651523653,8.55259545128362e-26,1.16634940593717e-24
"ZBTB41",317.205431356076,-1.21022711730078,0.134161999571284,1.18248767219374e-20,1.0053379132423e-19
"MCRIP1",998.31695173882,1.06925296229261,0.0777648368580182,6.12298489900758e-44,4.30554266257819e-42
"MIGA1",329.696755343069,-1.21483217500303,0.109980180137195,1.51063144645459e-29,2.8888151782696e-28
"CPEB2",294.650518755098,-1.50090934080025,0.118691319782335,1.8002068677346e-38,7.4553966016211e-37
"FOXN2",327.055050233103,-1.27926763489214,0.1011542345413,5.99694095142811e-38,2.36048687420498e-36
"BMP2K",383.297658043981,-1.11696553521661,0.100075970254962,6.17960010140595e-30,1.22692324954532e-28
"JUND",940.326887313646,1.08991587211811,0.0896527059376369,5.77218051896886e-35,1.80812550316934e-33
"DGKH",317.375082048072,-1.28464660126101,0.118311849847912,8.77940166221979e-29,1.56994307075006e-27
"MYO9A",378.16184289189,-1.07476544009481,0.100998724588915,2.18046724780247e-27,3.45522163293206e-26
"HACE1",378.994689894365,-1.06237466575806,0.107259190420483,4.68543694750402e-24,5.43454331857833e-23
"HEATR5A",360.182676200445,-1.11126997872191,0.101012389681779,3.75746179249555e-29,6.91137488562432e-28
"FRS2",363.617218969969,-1.10409577599964,0.11771308375543,6.59022587958553e-22,6.2394557924463e-21
"PAG1",403.593731483748,-1.2353143267795,0.1055493822537,7.46795981960721e-33,1.93151198322829e-31
"RAB23",361.89301708402,-1.03956203772654,0.113398875923226,6.14929963112458e-21,5.34245137193133e-20
"RGPD5",442.578973684148,-1.30501241282974,0.125968374924638,1.62288938869601e-26,2.37900430366828e-25
"CCDC186",355.973862594175,-1.28225612739696,0.109004035938588,3.00239854945491e-33,8.07477745342445e-32
"USP37",370.204824690572,-1.14137240115288,0.11591703291581,6.15801503815435e-24,7.04570856187474e-23
"KAT6B",396.360316985571,-1.09570312685136,0.110583136397465,3.97859916688042e-24,4.63860685250885e-23
"NPAT",422.440890352261,-1.1112585138643,0.0968228055998151,1.72464593029382e-31,3.93983835954262e-30
"ATP5F1D",1252.30719692717,1.02026171070879,0.0991719870533063,1.10890503488745e-25,1.49863131892047e-24
"DMXL1",368.342710681832,-1.2124626233013,0.105982074370867,1.76401118447718e-31,4.02295861513959e-30
"MALSU1",1351.42285155557,1.13601056448916,0.0791275056514407,9.09860167391772e-48,9.30607736360327e-46
"ZFY",384.98066975185,-1.28246662584105,0.105649404211365,3.29706343844778e-35,1.05733143663856e-33
"PHLDB2",406.63550996231,-1.07847427124946,0.102965258044638,1.27318849225339e-26,1.88893602570472e-25
"LOX",479.459836881269,-1.0904088180693,0.0962019792596698,9.5986180171062e-31,2.04714561965455e-29
"CFAP97",423.482840351595,-1.08304581442029,0.100317840110204,3.97548543396194e-28,6.74284281958796e-27
"APRT",1353.14763619915,1.10433045489033,0.0809504379353089,2.37234677599764e-43,1.57778590259823e-41
"LYST",426.162809346186,-1.3642512946461,0.0896713341736596,1.02941861806292e-53,1.93030288367603e-51
"KITLG",399.132110350494,-1.35771218286535,0.0964026083588017,1.74603010923968e-46,1.53072418862629e-44
"SHPRH",414.045602333209,-1.34914930191801,0.105122353414879,3.92917355010957e-39,1.72794045928434e-37
"USP53",430.553187756073,-1.12952353508472,0.106160137801363,1.79767345873323e-27,2.89277584819516e-26
"RASAL2",454.378143329065,-1.00976828719802,0.0968181578148431,2.62197224464617e-26,3.78197086271024e-25
"HIPK3",450.040051261542,-1.15498569445982,0.107972859912384,8.79185344505761e-28,1.44578335397957e-26
"LIFR",431.037342168072,-1.02857213958606,0.0883433681133618,3.40696868947741e-32,8.24327675208503e-31
"TMEM200A",428.929920586649,-1.3025569227317,0.101055651599552,2.39688963581439e-39,1.08228785863311e-37
"PGAP1",424.077953889131,-1.27139420406466,0.0982424369842083,1.40585647762349e-39,6.61340359038145e-38
"BLTP1",468.770356365713,-1.15905669316911,0.112201657457464,4.20475053883067e-26,5.95055943655691e-25
"MGA",482.801143609702,-1.03357363492275,0.0970929420895098,2.43661448278942e-27,3.84307618366121e-26
"USP6NL",463.532480612834,-1.00966477206817,0.0860409725452227,1.23742105073787e-32,3.12854337191236e-31
"CEP350",478.617795012354,-1.06371824378745,0.101172900450776,8.84254573298489e-27,1.33091649878516e-25
"UBN2",481.727702835495,-1.0856873696098,0.103195514568476,7.57471159726373e-27,1.14905821656919e-25
"RAPGEF2",442.923080338151,-1.15249360601237,0.0926667903882596,1.42799207035691e-36,5.03376525897875e-35
"FHIP2A",470.568429920087,-1.03701113809378,0.096690378131488,1.01846989010106e-27,1.66873325075904e-26
"POU2F1",477.472010834727,-1.06792985834663,0.0882163366869259,1.17055091243449e-34,3.55937114161669e-33
"N4BP2",459.809383111616,-1.08898655910492,0.0934214968200624,2.32289156106665e-32,5.77557255358395e-31
"MT1E",1481.55557894524,1.14937228286794,0.0883817740392361,1.01737030230332e-39,4.83644945471731e-38
"PPDPF",1373.20644240809,1.0402839535389,0.0966300033269059,6.48702087671204e-28,1.08796607275142e-26
"COL12A1",422.356147206949,-1.38978086244249,0.095476046213937,1.66738930743172e-49,2.14394505139387e-47
"SCAND1",1532.49641317757,1.12789308454961,0.0869313863493379,1.63669436481591e-39,7.61965883426881e-38
"SREBF1",1160.9653897192,1.08432655263613,0.0734806889093707,3.18635283124822e-50,4.30189495746823e-48
"PTPN13",441.007564609429,-1.11770740030804,0.0930260550055509,2.92483787345442e-34,8.62188561779653e-33
"DPP4",549.07015456016,-1.02518028142656,0.0869130042160336,5.70243739997178e-33,1.49058339714203e-31
"MORC3",474.245449941783,-1.00349690308051,0.1039699493637,7.0512286797113e-23,7.272623254758e-22
"ADAM17",436.948614603561,-1.22815921574351,0.100549287784496,1.65551765976572e-35,5.45149851817e-34
"MRPL41",1521.39717264662,1.10435651379467,0.0785461014978086,7.07132239528513e-46,5.89320516412003e-44
"TRAPPC8",478.301027731452,-1.17326937055178,0.0920632850994706,2.69554197228521e-38,1.1061553850402e-36
"NBEAL1",466.114515722317,-1.30559505604942,0.101445838175824,3.04698076605621e-39,1.36668728646262e-37
"RIC1",492.307346604748,-1.21288308044036,0.0845162330836541,7.32667598358184e-48,7.55095056903347e-46
"ZNF714",436.345072027309,-1.4899363858732,0.0899677845531733,2.43813851174797e-63,1.02866587647217e-60
"FGD6",518.140127026387,-1.00656979891677,0.0852368366897656,5.18168970459123e-33,1.35840762527546e-31
"DMXL2",528.708705482805,-1.21051354536684,0.0884440439714632,8.50794234258859e-44,5.92091389522106e-42
"MTX3",541.658680990512,-1.19556110440603,0.0915458185486033,4.12176528188884e-40,2.02479190050708e-38
"ZNF107",497.870093213023,-1.16229125634492,0.0990979330223451,7.508427375407e-33,1.93826535363996e-31
"ITGB8",457.13636289488,-1.59950789473198,0.0940810316743699,6.35822415172852e-67,3.0657994383031e-64
"TRAPPC10",506.64961110312,-1.13190590742585,0.105197506651749,4.88789719355999e-28,8.26961153010695e-27
"WWC2",525.848132190182,-1.04678936167344,0.0972925385478432,6.7931038256936e-28,1.13366742584288e-26
"BRWD3",516.632894069361,-1.16993497551095,0.0981911001516092,7.96150942129789e-34,2.25815837598619e-32
"ZSWIM6",498.798372763288,-1.04631980969351,0.0885776978930798,4.32007519577161e-33,1.13694610561623e-31
"UBR3",504.535729610541,-1.1518685776297,0.0844923273425286,2.24941313219769e-43,1.50343201474263e-41
"H2AX",1468.82777726856,1.03394165254615,0.0861185108416602,4.44046440237087e-34,1.29204116156054e-32
"FAM135A",476.356713836711,-1.23574404662878,0.104003591896755,9.02337759964787e-34,2.54863223792565e-32
"RICTOR",487.735325845221,-1.19800302384785,0.089844900074809,1.07268581536523e-41,6.11068826719237e-40
"GADD45GIP1",1708.70143147611,1.03735318248603,0.0878344675708151,4.57667353656447e-33,1.20213364624819e-31
"KAT6A",525.055435331748,-1.02008343558246,0.0893655694617077,4.9600113943267e-31,1.08182736405177e-29
"DNAJB14",512.961476769293,-1.2380382655721,0.0977071773411963,5.2716851106635e-38,2.09949913507575e-36
"FIGN",575.610314128145,-1.04289279564943,0.0797542978220546,5.90309343192456e-40,2.87717200088135e-38
"PLEKHA5",579.074195997747,-1.03440562562611,0.1031673973004,1.52978360829751e-24,1.86404408805277e-23
"MYCBP2",565.817957748179,-1.01157783764332,0.0824157652602041,1.8202824203003e-35,5.95051645435213e-34
"XRN1",595.187309623525,-1.03251889657685,0.0898181263009897,1.86548880345443e-31,4.24721152368267e-30
"EYA4",593.485094211479,-1.03122486016682,0.0821100321872109,4.83366309121463e-37,1.77818216333757e-35
"ZDBF2",497.84719771556,-1.48081674759793,0.102266878617374,3.00076220501127e-49,3.78628883456609e-47
"CCNE2",510.929052101438,-1.17106997706867,0.118322993348033,3.29249416068598e-24,3.88226756885776e-23
"ZNF518B",591.326196252986,-1.17132723352266,0.0918007428538044,2.23287328966751e-38,9.19086045237835e-37
"ZNF608",590.562073783692,-1.04378176884547,0.092316378853763,1.56904752892488e-30,3.25903241354074e-29
"ZEB1",584.994870249988,-1.09123449117316,0.0941192669347199,4.78727107674259e-32,1.14800971238191e-30
"H1-10",1670.16763954206,1.06128806878415,0.0826910199020372,1.29072180670337e-38,5.47988525544095e-37
"CCP110",615.406633340295,-1.03871442969788,0.0881278251422955,6.0462933131301e-33,1.5698270388571e-31
"NFXL1",603.328001813325,-1.11244548671702,0.0868037281751128,1.36061236039436e-38,5.74050858677631e-37
"ANKRD50",599.191777154592,-1.01051103799134,0.0882257044799022,3.2764917890702e-31,7.32382709341669e-30
"ZBTB11",595.232063440113,-1.02992757064701,0.0845995059870881,5.82848709329421e-35,1.82153713533716e-33
"SLC39A10",489.521758463198,-1.63133359598024,0.114624450619153,3.00507691871603e-48,3.35302012227977e-46
"DENND4C",621.568920233141,-1.02070287676829,0.0850650806946351,5.0627784292912e-34,1.46365249622827e-32
"ZC3H12C",600.117147648235,-1.15485689306385,0.0805844546946788,1.22609926182043e-47,1.21717398042924e-45
"NOMO3",625.360157523805,-1.1909882462632,0.108308229857929,2.89375857792472e-29,5.3813546226669e-28
"SYT14",617.568939966295,-1.12556099398331,0.0920807099967954,2.23153214605725e-35,7.25973867564311e-34
"GULP1",540.44313309583,-1.50961316397452,0.115767275999544,1.05022933986087e-40,5.58234106986676e-39
"MANEA",636.761727982803,-1.02028736608762,0.0952132067387424,1.19572671901211e-27,1.95205640065084e-26
"LTN1",572.599431405644,-1.31882133808175,0.113096487987562,8.44594823574489e-33,2.16373334214026e-31
"VPS13B",654.740203855445,-1.09276788384536,0.0760954751070985,1.01216841101746e-47,1.01979744157812e-45
"JMY",661.081189518173,-1.03654632749167,0.0787315131944999,1.86034549130373e-40,9.62318945520753e-39
"CHML",626.673320157585,-1.00819147663653,0.173799591572216,8.25018282521662e-10,2.74416650217417e-09
"VPS13C",616.466049956832,-1.03677558419003,0.0972834748845195,2.11592427070683e-27,3.36876103523737e-26
"FCHO2",644.975512236818,-1.04356711873634,0.1098765673829,2.69924364774429e-22,2.63884782680635e-21
"SLC6A15",629.784032754113,-1.12512606178162,0.0897987730814417,4.97293300488008e-37,1.82444479616538e-35
"ZNF292",631.195708058856,-1.0597992031454,0.109659615494775,5.06590560810572e-23,5.29781499729166e-22
"FNBP1L",640.930430709767,-1.16175040997662,0.0855732850354766,4.7012018171345e-43,3.00810074564611e-41
"TNFSF15",686.938712513171,-1.7824192397449,0.0822490061407146,2.7987768455691e-107,6.29771436533807e-104
"TMTC3",653.513067013254,-1.26206951114366,0.0997919904852756,6.44446098697718e-38,2.52926359840637e-36
"SLC4A7",534.609852576892,-1.70627641003609,0.106771964240289,3.785449140113e-60,1.21684163906347e-57
"ZKSCAN8",689.205458859454,-1.03004989444047,0.0922684650105375,8.30828364957587e-30,1.62801360744447e-28
"DDX60",698.609558163678,-1.05009942511937,0.0896107066317764,1.29668759601725e-32,3.26615284213226e-31
"MYSM1",637.725549545383,-1.5919702618858,0.103410800872208,1.44055371807016e-55,3.13692189478472e-53
"REV3L",678.532337194321,-1.22647378625371,0.0848545191145793,1.56409739909501e-48,1.81389080605118e-46
"CHD9",594.827693037027,-1.45862240232332,0.110725214359933,2.56293654750875e-41,1.41233495215982e-39
"ZHX1",715.207617170448,-1.01875270186164,0.0897293397300237,1.00392900309684e-30,2.12889368650757e-29
"SRPK2",699.80799442241,-1.09892714410596,0.0853413813877252,6.49361100333125e-39,2.76562278094559e-37
"KCNJ16",751.764497239472,-1.21695404171424,0.0908083839400156,4.02700071334601e-42,2.40568746154356e-40
"PIGN",723.797279217061,-1.07199944248965,0.0888911337106192,2.0199434356981e-34,6.07377646444544e-33
"CHM",663.916791482721,-1.23846642099133,0.0884114765741513,8.70447999081922e-46,7.20976591141413e-44
"ELF1",650.144751625808,-1.3186733221999,0.104872499843732,1.25655309166183e-37,4.83325449872548e-36
"MPDZ",646.538301976492,-1.22481422384566,0.169633964568327,2.74874223349302e-14,1.34264721036141e-13
"HIPK1",729.715877843103,-1.12745029274818,0.0852791681058673,6.41661683261779e-41,3.46522975428691e-39
"FAM13B",725.851212173381,-1.16002162055662,0.0920078711507451,1.61293981382428e-37,6.13416913420889e-36
"CDK19",736.344130347814,-1.02223531132126,0.0761370031488373,6.0063630162609e-42,3.51047216807526e-40
"KIDINS220",771.639286581182,-1.00321301509395,0.0789308259159284,7.83616061885809e-38,3.05768799176887e-36
"EP300",697.789440414181,-1.30303890678192,0.0836728453811685,5.34407788769743e-56,1.24397233727247e-53
"LYSMD3",744.964062514522,-1.16366169569025,0.0942132719059219,3.97201731701727e-36,1.3610712131231e-34
"ARL5B",772.95790188524,-1.01698526444363,0.085925437822643,3.64045381268117e-33,9.67515096948986e-32
"EEA1",757.793477041038,-1.08170141705406,0.0944475503746173,2.55215621125579e-31,5.75236410820775e-30
"VPS13A",765.691953357486,-1.32413284284642,0.0996015013710296,1.05787712383996e-41,6.05186400379804e-40
"XPO4",759.118968628456,-1.00780410004253,0.0806468727461729,1.15477970956664e-36,4.09204222017301e-35
"APC",739.577101692479,-1.35745493904327,0.0948380205195798,6.62679003878163e-48,6.93552653593727e-46
"REST",817.051859095247,-1.09120792071156,0.0884276515442981,6.02560176806599e-36,2.03379123676647e-34
"KMT2E",788.03034714077,-1.19783806188017,0.0878543011712486,1.83801406518435e-43,1.2407513947027e-41
"GCC2",863.607277221536,-1.02740283300377,0.0934044817947323,5.23654795034077e-29,9.55386944291227e-28
"AFF1",754.587373849442,-1.29180194320183,0.0849807064559062,1.75155712234919e-53,3.15303636117819e-51
"LRP6",790.273911532349,-1.10885435534208,0.0824965161274516,3.58631542647918e-42,2.1745491744545e-40
"SLC25A1",2498.24412007152,1.14864840847033,0.0722922408065108,6.84439693556412e-58,1.84812406054102e-55
"AKAP11",758.333014702214,-1.35155373968812,0.0950274896037345,2.49786324979014e-47,2.42616199535371e-45
"ZBTB38",746.748920951606,-1.23611381124936,0.0875550034293158,1.8551258872444e-46,1.61587449056043e-44
"ATP11B",825.540083131348,-1.10903258646726,0.0860169470644049,5.05966634472241e-39,2.18244585687212e-37
"HIVEP2",878.023062692549,-1.07957923219747,0.076888534913376,1.01472310840804e-45,8.35352236988842e-44
"EDEM3",776.595703740338,-1.10837315906456,0.110417094894556,1.02905722426678e-24,1.27578526949732e-23
"E2F7",855.731720028384,-1.00828005647319,0.0767286505696532,2.85002949868287e-40,1.44113289369728e-38
"VCAN",790.354368456403,-1.52097400611573,0.0923857300796734,9.93006088573783e-63,3.94311035348078e-60
"MMP16",817.442741389539,-1.25425252590755,0.0945970086143538,2.32010362969223e-41,1.28375897969159e-39
"JMJD1C",879.287872807886,-1.04228281967442,0.092086766127752,1.37742598455422e-30,2.87428565957752e-29
"ARL6IP4",2691.01233275697,1.06478823978574,0.0773191154089311,4.62122295454574e-44,3.2837437425959e-42
"OXR1",872.411745885129,-1.10368386865172,0.105202687778308,9.67969140767877e-27,1.45206126327857e-25
"RALGPS2",908.655529222518,-1.09552491119605,0.0891977206121542,1.21794349371521e-35,4.04016096035604e-34
"LGR4",870.535943191543,-1.14490244652505,0.0746991593941343,4.63258311854296e-54,9.06442096861572e-52
"ADGRG6",893.926922697899,-1.05590980594047,0.0806262058613617,4.32818767182748e-40,2.11720513613561e-38
"PIKFYVE",900.971037019173,-1.07548005575704,0.0833170192916692,4.71021984637775e-39,2.03822686365211e-37
"NNMT",2559.38696866361,1.12947065925457,0.0665103614965724,1.09435650978273e-65,4.92496907952553e-63
"LRP12",893.789192432831,-1.16328306016013,0.0902199506961217,4.07461075572352e-39,1.78608181211114e-37
"TRPM7",921.990451660726,-1.16963597370324,0.0963769553400978,5.49387530933584e-35,1.72896994292175e-33
"BTAF1",813.540881490746,-1.43628822471685,0.0918394528141346,9.76980634247551e-57,2.39822100781385e-54
"ZFC3H1",970.269960258007,-1.17163362853932,0.0854054666937249,6.42069365146183e-44,4.49149145017545e-42
"HLTF",774.840887450552,-1.65959106215822,0.183493043324958,2.79991600146726e-22,2.73330917829425e-21
"ASH1L",861.776133990818,-1.45461909470331,0.0835348172697143,1.49683932398268e-69,8.78644683177836e-67
"RAB8B",920.826254891135,-1.19647870574157,0.0811353867069588,2.41227282036936e-50,3.46469099444752e-48
"RBM12B",904.940882828098,-1.24276187029314,0.0731000029380354,5.09716342210461e-66,2.3729932193736e-63
"SECISBP2L",892.489119801672,-1.30770615894182,0.0826276991892337,9.65541261349079e-58,2.50687934028344e-55
"DHX36",941.165607739952,-1.03247798499277,0.073768732817563,2.25408801410263e-45,1.79014366343527e-43
"PIK3R1",952.039960684505,-1.10610299491917,0.0690403419561386,9.66431863728689e-59,2.8364775200437e-56
"HELZ",1005.8075200831,-1.13437103934059,0.0744659617540534,2.02050104855659e-53,3.54269930604707e-51
"ATM",892.501865344035,-1.48856868798661,0.0905611896594293,1.90082437912355e-62,7.12861942848531e-60
"ATRX",892.610357041263,-1.50459767298169,0.0966771136769979,2.10106783517337e-56,4.97658190222379e-54
"ATP2B1",1004.88728989576,-1.12676878918341,0.0777000346437936,1.15545841383522e-48,1.35650817784255e-46
"SOCS4",1037.80976330694,-1.10803131932176,0.0755647798231203,1.15881118905652e-49,1.51894270518953e-47
"SAMD9",1011.99771579161,-1.4105998494682,0.0766157410389969,3.14277579821431e-77,2.49591859127596e-74
"SEC24A",1091.69929613211,-1.02998593104528,0.0725099762080777,1.1843310157453e-46,1.08535974872715e-44
"GLCE",1073.63683430029,-1.14196692198395,0.0806246898975891,1.40577419317002e-46,1.24864193302556e-44
"ROCK2",1032.3169222124,-1.09164121870122,0.084162059959757,1.9706807146864e-39,8.98856767870985e-38
"NCOA3",1068.84516988756,-1.18002053788227,0.0724971654813062,1.16115346359707e-60,4.01967510564721e-58
"MEGF9",1075.7206976392,-1.16524770508472,0.0741582277033995,1.0464663675801e-56,2.52291829083909e-54
"CBL",1044.98658349231,-1.19311944650294,0.076911762245825,2.16173503410907e-55,4.63263249135025e-53
"KMT2D",1087.54697114004,-1.00499418228749,0.068885052425782,4.95795754150964e-49,6.08521679708379e-47
"MAP4K3",1121.36386116503,-1.08817788252402,0.0799572989216128,3.93310472056836e-43,2.5286117539235e-41
"FGF2",1146.24264735804,-1.18267950346911,0.0818110644254014,1.80111557679885e-48,2.0607509663018e-46
"NSD3",1138.77414570889,-1.08226524570414,0.0650915273346212,5.17318552687974e-63,2.11645993328495e-60
"ZDHHC20",1113.49037733112,-1.04344767773235,0.0865963629418394,2.53431330646413e-34,7.58664389147942e-33
"RBL2",1081.96277309909,-1.10644583616281,0.100278747088763,2.67267030834889e-29,4.98393947969866e-28
"CCPG1",1163.09293111285,-1.21927094901484,0.0871449943555735,1.19146142519538e-45,9.69031367564024e-44
"KIF14",1122.90979856809,-1.15536376993247,0.099506777574302,3.07672250076827e-32,7.47006453361571e-31
"BRPF3",1156.37431907241,-1.14029920704376,0.0915993297768268,1.29158621513012e-36,4.56484436923345e-35
"PPFIBP1",1173.92486902943,-1.20164713635897,0.080016991951451,4.14006298717258e-52,6.42471153905943e-50
"BIRC6",1149.61981043081,-1.14589411463906,0.0827006802334557,1.05725326492932e-44,7.97428845240826e-43
"PIK3C2A",1080.16822797592,-1.29087093622786,0.0912757642621174,1.03747286632299e-46,9.59378162207303e-45
"WASHC4",1205.75634495457,-1.03983514784224,0.0754451623038816,4.32029842433004e-44,3.08615603316825e-42
"SLC5A3",1095.322760121,-1.52785962261551,0.0951527880270227,7.11824542617227e-60,2.23496352322679e-57
"BDP1",1163.38225883999,-1.0773434717248,0.0786528896981485,1.22433437148771e-43,8.43353997421204e-42
"ANKIB1",1194.29325132677,-1.18736976447482,0.100266102150841,1.76883211380553e-33,4.88364056615306e-32
"SACS",1248.77893198945,-1.11449046362028,0.0805910962926422,1.73229825125952e-44,1.27801960056037e-42
"NR3C1",1250.30157950314,-1.10300406701231,0.0665841703875505,1.33092965851696e-62,5.13396609132499e-60
"PTAR1",1205.84218291931,-1.2596633014777,0.0841514373864489,6.75966517653229e-52,1.03707090395866e-49
"ZFYVE16",1325.99638492085,-1.05165843238057,0.0957780159184875,5.93879960155329e-29,1.07913503930782e-27
"PCNX1",1261.64482872026,-1.21401351440281,0.061073916011154,4.5418450860232e-89,6.81327227848881e-86
"HSPA13",1331.3530336417,-1.17041478175897,0.088626018571622,6.58850453758938e-41,3.54388046860535e-39
"ITGA2",1039.02620057884,-2.0088961299201,0.101005194149707,8.63752775097243e-95,1.45769077707349e-91
"BMPR2",1344.48937888115,-1.06052756103304,0.0717702025298246,2.5773875503988e-50,3.58735147607569e-48
"TRHDE",1257.31052152867,-1.1757385911991,0.0772052653949978,1.85314955537282e-53,3.29202265093269e-51
"SEL1L",1368.27609269912,-1.10446393340558,0.0716652000692986,1.46048513753256e-54,3.0335399756657e-52
"FAT1",1369.39745107877,-1.12717056642448,0.0815098787629777,1.65900973134945e-44,1.23067529576642e-42
"CD109",1353.62168193549,-1.28518438275646,0.0710304449958966,1.9058839421488e-74,1.35428100541847e-71
"TNKS2",1403.05386260498,-1.08065875471248,0.0844034761615887,1.79080194895393e-38,7.43926680394675e-37
"SLC30A1",1383.70177409835,-1.28307575726361,0.0744821104917235,8.92877013651189e-68,4.82189302452188e-65
"CHD1",1395.57707399899,-1.15416350890041,0.0848621025631945,3.47122963773589e-43,2.26401310816774e-41
"MED13",1432.49107429527,-1.05895546389426,0.0765037931000751,1.77422072529519e-44,1.30183445718535e-42
"TAF2",1474.10710411904,-1.04326562631128,0.0858918442370998,7.81513466458598e-35,2.41688770319671e-33
"RIF1",1546.11560719837,-1.02327011911342,0.0953441667324105,9.89100051841503e-28,1.62455472018396e-26
"PHF6",1459.96430032219,-1.06909196280662,0.0839191910536147,4.24657730998042e-38,1.70127715911115e-36
"SMCHD1",1409.89401899241,-1.17070460974136,0.0715065164410656,2.53031270519484e-61,8.98993469285146e-59
"DSG2",1494.79549908403,-1.00809308750057,0.0768303796140021,3.70536971400064e-40,1.85282209291565e-38
"FNDC3A",1465.23690632499,-1.13800204254076,0.0873453396941709,7.75087497533407e-40,3.72400580220588e-38
"SKIC3",1539.13752751182,-1.12817670951697,0.0738561683955622,1.08857025988583e-53,2.00185342375794e-51
"SCD",3346.06053542786,1.11159645738972,0.0538166199661359,9.24936796060717e-96,1.78393881194511e-92
"RASSF8",1439.3528729234,-1.26022442925802,0.0870385101204822,9.43602793377145e-49,1.12739657640574e-46
"OSBPL8",1540.35284453505,-1.13417976832381,0.071955375129174,5.40628469471662e-57,1.35167129006239e-54
"CAMSAP2",1556.9120497159,-1.24388920257089,0.084489545931535,2.84930029677485e-50,3.92534727619971e-48
"BOD1L1",1635.81157877288,-1.09575252880157,0.0716112088088748,8.22247246373267e-54,1.57174404157098e-51
"ARHGAP5",1574.87586508517,-1.20862786289258,0.086006151734635,5.23165880661355e-46,4.4145390967556e-44
"C5orf24",1636.42033508292,-1.10194280183287,0.0776994964787178,1.2618992802041e-46,1.13964156174486e-44
"TASOR2",1575.05084758048,-1.40316721979697,0.0890453020671713,1.8037647049231e-57,4.5948353360692e-55
"LPP",1832.60812839659,-1.04489349823423,0.0726835854728072,9.62685717413016e-48,9.77234576751363e-46
"PODXL",2040.48756764525,-1.02259556631775,0.0593612848600629,2.40638465421398e-67,1.20328145246455e-64
"ZNF106",1827.06385549131,-1.03936998135398,0.0751332947405833,2.13216348238215e-44,1.53937642650489e-42
"NF1",1717.15961098106,-1.11724998012892,0.0726415698808905,2.25391691123977e-54,4.61062609373456e-52
"NEDD4",1683.84681588024,-1.16065681849015,0.0907755740951767,1.65595717419533e-38,6.94319186609043e-37
"ARFGEF2",1909.75685260116,-1.01979346852681,0.0785842158479764,2.35024462336622e-39,1.06478700201568e-37
"CRIM1",1703.80685509134,-1.31619134064976,0.0665806307199121,2.60981179642892e-88,3.52350690635869e-85
"DOCK4",1742.23818370759,-1.24011405582277,0.0651094843543437,4.51214788662459e-82,4.35132204409418e-79
"RPL36",5915.16679243652,1.0121959708827,0.124982768523798,7.61169773525166e-17,4.69034829409551e-16
"HIPK2",1809.60745224692,-1.09972675718424,0.0775455450842516,1.27992498033148e-46,1.14438855360631e-44
"IGF2BP3",1760.76458864808,-1.1232304008264,0.13763744882189,2.95002417399398e-17,1.88938692471977e-16
"PJA2",1847.96196829188,-1.12234858558843,0.0720995843264492,1.22407166371672e-55,2.70921172653106e-53
"NFAT5",1941.84284586759,-1.2453392018757,0.0676803798840383,8.20532118731798e-77,6.15444674166556e-74
"CD2AP",1954.28201248911,-1.13542268315738,0.0757448526497437,8.07079637993945e-52,1.2243126059052e-49
"UTRN",1930.54985596746,-1.08408857988124,0.0806140046560351,3.591767023949e-42,2.1745491744545e-40
"RPS6KA3",1954.84004698115,-1.2171792252623,0.0901877381670798,1.1189438160682e-42,6.99391687997076e-41
"ADAM9",2018.53846232851,-1.08869322009897,0.0921390617000321,3.5543590194597e-33,9.48367611101291e-32
"FMNL2",1952.11081323009,-1.24508480029677,0.0784725772141304,6.68902007397114e-58,1.84302979629968e-55
"SEMA3C",2118.34940884472,-1.27613597284861,0.0758854022321687,1.0086536788058e-64,4.39284945727649e-62
"HSPB1",7469.98428886863,1.07840578275822,0.12699039524686,2.18172091649839e-18,1.52539689765121e-17
"SEC23A",2285.76784466996,-1.14401495304564,0.081327955808552,5.54131665138662e-46,4.64678982051993e-44
"TAOK1",2213.00887670627,-1.39743202748074,0.071950384165788,1.59616444794967e-85,1.79581801764738e-82
"GREM1",2573.52901008939,-1.39059883625705,0.0560986642811288,4.04254613451719e-137,2.72892076810583e-133
"EFR3A",2673.82928599963,-1.00504810900251,0.135731465653788,1.811529941693e-14,9.01159386248975e-14
"DST",2937.64475161939,-1.00438603329896,0.0735523961817759,2.82871733109817e-43,1.85390838287167e-41
"ATP13A3",2512.5982984781,-1.38386725131587,0.0797635445884061,6.64932314209007e-69,3.74052132255659e-66
"CEP170",2885.61790243522,-1.16145295769496,0.0850135681895713,1.45336537479175e-43,9.91004339649665e-42
"TMED7",3176.86128175559,-1.13009808562308,0.0779050394987309,1.06753187226686e-48,1.2642761234627e-46
"AFF4",3467.18755439552,-1.15699711507759,0.0777828337861169,4.19366864370017e-51,6.29096892873289e-49
"ITGAV",3388.43004916124,-1.25572662821803,0.0830727536668598,7.47053388723224e-53,1.2451812100188e-50
"WNK1",4041.64347249154,-1.02886092874515,0.0544390343001662,1.62966292894865e-80,1.46680528024905e-77
"GLS",4035.71074599143,-1.0992302064578,0.127444734834105,6.35820068839679e-19,4.62013280376992e-18
"ARHGAP29",4261.8518893677,-1.01699596806289,0.0662011836067478,4.26962740674617e-54,8.47709406154118e-52
"IL6ST",4254.28170126137,-1.02294026936865,0.0706888123680732,2.62209768613849e-48,2.95007840504632e-46
"OGFRL1",4396.10893539085,-1.13573580424476,0.0605306712300026,1.45924955328369e-79,1.23133301368019e-76
"TNPO1",4464.13166400611,-1.03040345768135,0.0634276532995286,3.35779856602341e-60,1.10569849853371e-57
"MT-ND4L",4268.84248615845,-1.06125414980067,0.0643309560521079,4.84011837549027e-62,1.76611995101335e-59
"RHOBTB3",5106.14179444284,-1.07750118975549,0.0723998201770246,5.00647764292522e-51,7.42774227001466e-49
"DDX3X",6624.4806641723,-1.17425496495002,0.0680931629570644,1.01230063708115e-67,5.25656573124331e-65
"RPL13",20917.1545866695,1.03029175765006,0.0741608440670462,9.68163442620381e-45,7.34335653866166e-43
"AHNAK",7343.0326661614,-1.0909418753772,0.0622816449781311,1.21528695408869e-69,7.45799507597789e-67
"ITGB3",8862.4298649343,-1.1811818032263,0.0520928833144684,6.55254117198856e-115,2.21164645907544e-111
"HIF1A",8374.09196194072,-1.28504631444406,0.0671463694510611,6.51230858992952e-83,6.76328294404911e-80
